column,subsystem,role,index
tune_sys_podstate_out,sys,out,events
tune_lev_z_sp,lev,sp,metrics
tune_lev_z_act,lev,act,metrics
tune_lev_pitch_sp,lev,sp,metrics
tune_lev_pitch_act,lev,act,metrics
tune_lev_roll_sp,lev,sp,metrics
tune_lev_roll_act,lev,act,metrics
tune_lev_yaw_sp,lev,sp,metrics
tune_lev_yaw_act,lev,act,metrics
tune_lev_yairgap_sp,lev,sp,metrics
tune_lev_zliftoff_out,lev,out,metrics
tune_lev_y_out,lev,out,metrics
tune_lev_sensordata0_out,lev,out,metrics
tune_lev_sensordata1_out,lev,out,metrics
tune_lev_sensordata2_out,lev,out,metrics
tune_lev_sensordata3_out,lev,out,metrics
tune_lev_sensordata4_out,lev,out,metrics
tune_lev_sensordata5_out,lev,out,metrics
tune_lev_sensordata6_out,lev,out,metrics
tune_lev_sensordata7_out,lev,out,metrics
tune_lev_sensordata8_out,lev,out,metrics
tune_lev_sensordata9_out,lev,out,metrics
tune_lev_sensordata10_out,lev,out,metrics
tune_lev_sensordata11_out,lev,out,metrics
tune_lev_realcurrents0_out,lev,out,metrics
tune_lev_realcurrents1_out,lev,out,metrics
tune_lev_realcurrents2_out,lev,out,metrics
tune_lev_realcurrents3_out,lev,out,metrics
tune_lev_realcurrents4_out,lev,out,metrics
tune_lev_realcurrents5_out,lev,out,metrics
tune_lev_realcurrents6_out,lev,out,metrics
tune_lev_realcurrents7_out,lev,out,metrics
tune_lev_realcurrents8_out,lev,out,metrics
tune_lev_realcurrents9_out,lev,out,metrics
tune_lev_realcurrents10_out,lev,out,metrics
tune_lev_realcurrents11_out,lev,out,metrics
tune_lev_realcurrents12_out,lev,out,metrics
tune_lev_realcurrents13_out,lev,out,metrics
tune_lev_realcurrents14_out,lev,out,metrics
tune_lev_realcurrents15_out,lev,out,metrics
tune_lev_realcurrents16_out,lev,out,metrics
tune_lev_realcurrents17_out,lev,out,metrics
tune_lev_realcurrents18_out,lev,out,metrics
tune_lev_realcurrents19_out,lev,out,metrics
tune_lev_realcurrents20_out,lev,out,metrics
tune_lev_realcurrents21_out,lev,out,metrics
tune_lev_realcurrents22_out,lev,out,metrics
tune_lev_realcurrents23_out,lev,out,metrics
tune_lev_dcbusvoltage0_out,lev,out,metrics
tune_lev_dcbusvoltage1_out,lev,out,metrics
tune_lev_dcbusvoltage2_out,lev,out,metrics
tune_lev_dcbusvoltage3_out,lev,out,metrics
tune_lev_dcbusvoltage4_out,lev,out,metrics
tune_lev_dcbusvoltage5_out,lev,out,metrics
tune_lev_dcbusvoltage6_out,lev,out,metrics
tune_lev_dcbusvoltage7_out,lev,out,metrics
tune_lev_dcbusvoltage8_out,lev,out,metrics
tune_lev_dcbusvoltage9_out,lev,out,metrics
tune_lev_dcbusvoltage10_out,lev,out,metrics
tune_lev_dcbusvoltage11_out,lev,out,metrics
tune_lev_dcbusvoltage12_out,lev,out,metrics
tune_lev_dcbusvoltage13_out,lev,out,metrics
tune_lev_dcbusvoltage14_out,lev,out,metrics
tune_lev_dcbusvoltage15_out,lev,out,metrics
tune_lev_dcbusvoltage16_out,lev,out,metrics
tune_lev_dcbusvoltage17_out,lev,out,metrics
tune_lev_dcbusvoltage18_out,lev,out,metrics
tune_lev_dcbusvoltage19_out,lev,out,metrics
tune_lev_dcbusvoltage20_out,lev,out,metrics
tune_lev_dcbusvoltage21_out,lev,out,metrics
tune_lev_dcbusvoltage22_out,lev,out,metrics
tune_lev_dcbusvoltage23_out,lev,out,metrics
tune_lev_peripheryvoltage0_out,lev,out,metrics
tune_lev_peripheryvoltage1_out,lev,out,metrics
tune_lev_peripheryvoltage2_out,lev,out,metrics
tune_lev_peripheryvoltage3_out,lev,out,metrics
tune_lev_peripheryvoltage4_out,lev,out,metrics
tune_lev_peripheryvoltage5_out,lev,out,metrics
tune_lev_peripheryvoltage6_out,lev,out,metrics
tune_lev_peripheryvoltage7_out,lev,out,metrics
tune_lev_peripheryvoltage8_out,lev,out,metrics
tune_lev_peripheryvoltage9_out,lev,out,metrics
tune_lev_peripheryvoltage10_out,lev,out,metrics
tune_lev_peripheryvoltage11_out,lev,out,metrics
tune_lev_peripheryvoltage12_out,lev,out,metrics
tune_lev_peripheryvoltage13_out,lev,out,metrics
tune_lev_peripheryvoltage14_out,lev,out,metrics
tune_lev_peripheryvoltage15_out,lev,out,metrics
tune_lev_peripheryvoltage16_out,lev,out,metrics
tune_lev_peripheryvoltage17_out,lev,out,metrics
tune_lev_peripheryvoltage18_out,lev,out,metrics
tune_lev_peripheryvoltage19_out,lev,out,metrics
tune_lev_peripheryvoltage20_out,lev,out,metrics
tune_lev_peripheryvoltage21_out,lev,out,metrics
tune_lev_peripheryvoltage22_out,lev,out,metrics
tune_lev_peripheryvoltage23_out,lev,out,metrics
tune_lev_requestedcurrents0_out,lev,out,metrics
tune_lev_requestedcurrents1_out,lev,out,metrics
tune_lev_requestedcurrents2_out,lev,out,metrics
tune_lev_requestedcurrents3_out,lev,out,metrics
tune_lev_requestedcurrents4_out,lev,out,metrics
tune_lev_requestedcurrents5_out,lev,out,metrics
tune_lev_requestedcurrents6_out,lev,out,metrics
tune_lev_requestedcurrents7_out,lev,out,metrics
tune_lev_requestedcurrents8_out,lev,out,metrics
tune_lev_requestedcurrents9_out,lev,out,metrics
tune_lev_requestedcurrents10_out,lev,out,metrics
tune_lev_requestedcurrents11_out,lev,out,metrics
tune_lev_offsetairgaps0_out,lev,out,metrics
tune_lev_offsetairgaps1_out,lev,out,metrics
tune_lev_offsetairgaps2_out,lev,out,metrics
tune_lev_offsetairgaps3_out,lev,out,metrics
tune_lev_offsetairgaps4_out,lev,out,metrics
tune_lev_offsetairgaps5_out,lev,out,metrics
tune_lev_offsetairgaps6_out,lev,out,metrics
tune_lev_offsetairgaps7_out,lev,out,metrics
tune_lev_offsetairgaps8_out,lev,out,metrics
tune_lev_offsetairgaps9_out,lev,out,metrics
tune_lev_offsetairgaps10_out,lev,out,metrics
tune_lev_offsetairgaps11_out,lev,out,metrics
tune_lev_state_out,lev,out,events
tune_lev_command_out,lev,out,events
tune_lev_ready_out,lev,out,events
tune_lev_resetbusy_out,lev,out,events
tune_lev_reseterror_out,lev,out,events
tune_lev_driveerror_out,lev,out,events
tune_lev_ndrivewarnings_out,lev,out,events
tune_lev_ndriveerrors_out,lev,out,events
tune_lev_errorresettable_out,lev,out,events
tune_lev_erroremergency_out,lev,out,events
tune_lev_errornonemergency_out,lev,out,events
tune_lev_alldriveshighvoltage_out,lev,out,events
tune_lev_drivestatus0_out,lev,out,events
tune_lev_drivestatus1_out,lev,out,events
tune_lev_drivestatus2_out,lev,out,events
tune_lev_drivestatus3_out,lev,out,events
tune_lev_drivestatus4_out,lev,out,events
tune_lev_drivestatus5_out,lev,out,events
tune_lev_drivestatus6_out,lev,out,events
tune_lev_drivestatus7_out,lev,out,events
tune_lev_drivestatus8_out,lev,out,events
tune_lev_drivestatus9_out,lev,out,events
tune_lev_drivestatus10_out,lev,out,events
tune_lev_drivestatus11_out,lev,out,events
tune_lev_drivestatus12_out,lev,out,events
tune_lev_drivestatus13_out,lev,out,events
tune_lev_drivestatus14_out,lev,out,events
tune_lev_drivestatus15_out,lev,out,events
tune_lev_drivestatus16_out,lev,out,events
tune_lev_drivestatus17_out,lev,out,events
tune_lev_drivestatus18_out,lev,out,events
tune_lev_drivestatus19_out,lev,out,events
tune_lev_drivestatus20_out,lev,out,events
tune_lev_drivestatus21_out,lev,out,events
tune_lev_drivestatus22_out,lev,out,events
tune_lev_drivestatus23_out,lev,out,events
tune_lev_drivediagnostics0_out,lev,out,events
tune_lev_drivediagnostics1_out,lev,out,events
tune_lev_drivediagnostics2_out,lev,out,events
tune_lev_drivediagnostics3_out,lev,out,events
tune_lev_drivediagnostics4_out,lev,out,events
tune_lev_drivediagnostics5_out,lev,out,events
tune_lev_drivediagnostics6_out,lev,out,events
tune_lev_drivediagnostics7_out,lev,out,events
tune_lev_drivediagnostics8_out,lev,out,events
tune_lev_drivediagnostics9_out,lev,out,events
tune_lev_drivediagnostics10_out,lev,out,events
tune_lev_drivediagnostics11_out,lev,out,events
tune_lev_drivediagnostics12_out,lev,out,events
tune_lev_drivediagnostics13_out,lev,out,events
tune_lev_drivediagnostics14_out,lev,out,events
tune_lev_drivediagnostics15_out,lev,out,events
tune_lev_drivediagnostics16_out,lev,out,events
tune_lev_drivediagnostics17_out,lev,out,events
tune_lev_drivediagnostics18_out,lev,out,events
tune_lev_drivediagnostics19_out,lev,out,events
tune_lev_drivediagnostics20_out,lev,out,events
tune_lev_drivediagnostics21_out,lev,out,events
tune_lev_drivediagnostics22_out,lev,out,events
tune_lev_drivediagnostics23_out,lev,out,events
tune_lev_controlword0_out,lev,out,events
tune_lev_controlword1_out,lev,out,events
tune_lev_controlword2_out,lev,out,events
tune_lev_controlword3_out,lev,out,events
tune_lev_controlword4_out,lev,out,events
tune_lev_controlword5_out,lev,out,events
tune_lev_controlword6_out,lev,out,events
tune_lev_controlword7_out,lev,out,events
tune_lev_controlword8_out,lev,out,events
tune_lev_controlword9_out,lev,out,events
tune_lev_controlword10_out,lev,out,events
tune_lev_controlword11_out,lev,out,events
tune_lev_controlword12_out,lev,out,events
tune_lev_controlword13_out,lev,out,events
tune_lev_controlword14_out,lev,out,events
tune_lev_controlword15_out,lev,out,events
tune_lev_controlword16_out,lev,out,events
tune_lev_controlword17_out,lev,out,events
tune_lev_controlword18_out,lev,out,events
tune_lev_controlword19_out,lev,out,events
tune_lev_controlword20_out,lev,out,events
tune_lev_controlword21_out,lev,out,events
tune_lev_controlword22_out,lev,out,events
tune_lev_controlword23_out,lev,out,events
tune_lev_errorspecifics0_out,lev,out,events
tune_lev_errorspecifics1_out,lev,out,events
tune_lev_errorspecifics2_out,lev,out,events
tune_lev_errorspecifics3_out,lev,out,events
tune_lev_errorspecifics4_out,lev,out,events
tune_lev_errorspecifics5_out,lev,out,events
tune_lev_errorspecifics6_out,lev,out,events
tune_lev_errorspecifics7_out,lev,out,events
tune_lev_errorspecifics8_out,lev,out,events
tune_lev_errorspecifics9_out,lev,out,events
tune_lev_errorspecifics10_out,lev,out,events
tune_lev_errorspecifics11_out,lev,out,events
tune_lev_errorspecifics12_out,lev,out,events
tune_lev_errorspecifics13_out,lev,out,events
tune_lev_errorspecifics14_out,lev,out,events
tune_lev_errorspecifics15_out,lev,out,events
tune_lev_errorspecifics16_out,lev,out,events
tune_lev_errorspecifics17_out,lev,out,events
tune_lev_errorspecifics18_out,lev,out,events
tune_lev_errorspecifics19_out,lev,out,events
tune_lev_errorspecifics20_out,lev,out,events
tune_lev_errorspecifics21_out,lev,out,events
tune_lev_errorspecifics22_out,lev,out,events
tune_lev_errorspecifics23_out,lev,out,events
tune_lev_drivefeedbacktimeouts0_out,lev,out,events
tune_lev_drivefeedbacktimeouts1_out,lev,out,events
tune_lev_drivefeedbacktimeouts2_out,lev,out,events
tune_lev_drivefeedbacktimeouts3_out,lev,out,events
tune_lev_drivefeedbacktimeouts4_out,lev,out,events
tune_lev_drivefeedbacktimeouts5_out,lev,out,events
tune_lev_drivefeedbacktimeouts6_out,lev,out,events
tune_lev_drivefeedbacktimeouts7_out,lev,out,events
tune_lev_drivefeedbacktimeouts8_out,lev,out,events
tune_lev_drivefeedbacktimeouts9_out,lev,out,events
tune_lev_drivefeedbacktimeouts10_out,lev,out,events
tune_lev_drivefeedbacktimeouts11_out,lev,out,events
tune_lev_drivefeedbacktimeouts12_out,lev,out,events
tune_lev_drivefeedbacktimeouts13_out,lev,out,events
tune_lev_drivefeedbacktimeouts14_out,lev,out,events
tune_lev_drivefeedbacktimeouts15_out,lev,out,events
tune_lev_drivefeedbacktimeouts16_out,lev,out,events
tune_lev_drivefeedbacktimeouts17_out,lev,out,events
tune_lev_drivefeedbacktimeouts18_out,lev,out,events
tune_lev_drivefeedbacktimeouts19_out,lev,out,events
tune_lev_drivefeedbacktimeouts20_out,lev,out,events
tune_lev_drivefeedbacktimeouts21_out,lev,out,events
tune_lev_drivefeedbacktimeouts22_out,lev,out,events
tune_lev_drivefeedbacktimeouts23_out,lev,out,events
tune_lev_drivecurrenterror0_out,lev,out,events
tune_lev_drivecurrenterror1_out,lev,out,events
tune_lev_drivecurrenterror2_out,lev,out,events
tune_lev_drivecurrenterror3_out,lev,out,events
tune_lev_drivecurrenterror4_out,lev,out,events
tune_lev_drivecurrenterror5_out,lev,out,events
tune_lev_drivecurrenterror6_out,lev,out,events
tune_lev_drivecurrenterror7_out,lev,out,events
tune_lev_drivecurrenterror8_out,lev,out,events
tune_lev_drivecurrenterror9_out,lev,out,events
tune_lev_drivecurrenterror10_out,lev,out,events
tune_lev_drivecurrenterror11_out,lev,out,events
tune_lev_drivecurrenterror12_out,lev,out,events
tune_lev_drivecurrenterror13_out,lev,out,events
tune_lev_drivecurrenterror14_out,lev,out,events
tune_lev_drivecurrenterror15_out,lev,out,events
tune_lev_drivecurrenterror16_out,lev,out,events
tune_lev_drivecurrenterror17_out,lev,out,events
tune_lev_drivecurrenterror18_out,lev,out,events
tune_lev_drivecurrenterror19_out,lev,out,events
tune_lev_drivecurrenterror20_out,lev,out,events
tune_lev_drivecurrenterror21_out,lev,out,events
tune_lev_drivecurrenterror22_out,lev,out,events
tune_lev_drivecurrenterror23_out,lev,out,events
tune_prop_position_out,prop,out,metrics
tune_prop_positioninterpolated_out,prop,out,metrics
tune_prop_velocity_sp,prop,sp,metrics
tune_prop_velocity_act,prop,act,metrics
tune_prop_currentangleright_out,prop,out,metrics
tune_prop_currentangleleft_out,prop,out,metrics
tune_prop_vbusright_out,prop,out,metrics
tune_prop_vbusleft_out,prop,out,metrics
tune_prop_idright_out,prop,out,metrics
tune_prop_iqright_out,prop,out,metrics
tune_prop_iaright_out,prop,out,metrics
tune_prop_ibright_out,prop,out,metrics
tune_prop_icright_out,prop,out,metrics
tune_prop_idleft_out,prop,out,metrics
tune_prop_iqleft_out,prop,out,metrics
tune_prop_ialeft_out,prop,out,metrics
tune_prop_ibleft_out,prop,out,metrics
tune_prop_icleft_out,prop,out,metrics
tune_prop_tagdleft_out,prop,out,metrics
tune_prop_tbgdleft_out,prop,out,metrics
tune_prop_tcgdleft_out,prop,out,metrics
tune_prop_tagdright_out,prop,out,metrics
tune_prop_tbgdright_out,prop,out,metrics
tune_prop_tcgdright_out,prop,out,metrics
tune_prop_flag_out,prop,out,events
tune_prop_faultright_out,prop,out,events
tune_prop_faultleft_out,prop,out,events
tune_prop_stateright_out,prop,out,events
tune_prop_stateleft_out,prop,out,events
tune_prop_drivereset_out,prop,out,events
tune_prop_autopilotflag_out,prop,out,events
tune_prop_positionlimitlow_out,prop,out,events
tune_prop_positionlimithigh_out,prop,out,events
tune_prop_maxthrust_out,prop,out,events
tune_therm_ems0_out,therm,out,metrics
tune_therm_ems1_out,therm,out,metrics
tune_therm_ems2_out,therm,out,metrics
tune_therm_ems3_out,therm,out,metrics
tune_therm_ems4_out,therm,out,metrics
tune_therm_ems5_out,therm,out,metrics
tune_therm_ems6_out,therm,out,metrics
tune_therm_ems7_out,therm,out,metrics
tune_therm_hems0_out,therm,out,metrics
tune_therm_hems1_out,therm,out,metrics
tune_therm_hems2_out,therm,out,metrics
tune_therm_hems3_out,therm,out,metrics
tune_therm_hems4_out,therm,out,metrics
tune_therm_hems5_out,therm,out,metrics
tune_therm_hems6_out,therm,out,metrics
tune_therm_hems7_out,therm,out,metrics
tune_therm_motorleftfront0_out,therm,out,metrics
tune_therm_motorleftfront1_out,therm,out,metrics
tune_therm_motorleftfront2_out,therm,out,metrics
tune_therm_motorleftfront3_out,therm,out,metrics
tune_therm_motorleftfront4_out,therm,out,metrics
tune_therm_motorleftfront5_out,therm,out,metrics
tune_therm_motorleftfront6_out,therm,out,metrics
tune_therm_motorleftfront7_out,therm,out,metrics
tune_therm_motorleftfront8_out,therm,out,metrics
tune_therm_motorrightfront0_out,therm,out,metrics
tune_therm_motorrightfront1_out,therm,out,metrics
tune_therm_motorrightfront2_out,therm,out,metrics
tune_therm_motorrightfront3_out,therm,out,metrics
tune_therm_motorrightfront4_out,therm,out,metrics
tune_therm_motorrightfront5_out,therm,out,metrics
tune_therm_motorrightfront6_out,therm,out,metrics
tune_therm_motorrightfront7_out,therm,out,metrics
tune_therm_motorrightfront8_out,therm,out,metrics
tune_therm_motorleftback0_out,therm,out,metrics
tune_therm_motorleftback1_out,therm,out,metrics
tune_therm_motorleftback2_out,therm,out,metrics
tune_therm_motorleftback3_out,therm,out,metrics
tune_therm_motorleftback4_out,therm,out,metrics
tune_therm_motorleftback5_out,therm,out,metrics
tune_therm_motorleftback6_out,therm,out,metrics
tune_therm_motorleftback7_out,therm,out,metrics
tune_therm_motorleftback8_out,therm,out,metrics
tune_therm_motorrightback0_out,therm,out,metrics
tune_therm_motorrightback1_out,therm,out,metrics
tune_therm_motorrightback2_out,therm,out,metrics
tune_therm_motorrightback3_out,therm,out,metrics
tune_therm_motorrightback4_out,therm,out,metrics
tune_therm_motorrightback5_out,therm,out,metrics
tune_therm_motorrightback6_out,therm,out,metrics
tune_therm_motorrightback7_out,therm,out,metrics
tune_therm_motorrightback8_out,therm,out,metrics
tune_therm_flow0_out,therm,out,metrics
tune_therm_flow1_out,therm,out,metrics
tune_therm_flow2_out,therm,out,metrics
tune_therm_flow3_out,therm,out,metrics
tune_therm_flow4_out,therm,out,metrics
tune_therm_flow5_out,therm,out,metrics
tune_therm_flow6_out,therm,out,metrics
tune_therm_flow7_out,therm,out,metrics
tune_therm_flowarray0_out,therm,out,metrics
tune_therm_flowarray1_out,therm,out,metrics
tune_therm_flowarray2_out,therm,out,metrics
tune_therm_flowarray3_out,therm,out,metrics
tune_therm_flowarray4_out,therm,out,metrics
tune_therm_flowarray5_out,therm,out,metrics
tune_therm_flowarray6_out,therm,out,metrics
tune_therm_flowarray7_out,therm,out,metrics
tune_therm_flowarray8_out,therm,out,metrics
tune_therm_flowarray9_out,therm,out,metrics
tune_therm_propdutycycle_out,therm,out,metrics
tune_therm_overheathems_out,therm,out,events
tune_therm_overheatems_out,therm,out,events
tune_therm_overheatmotor_out,therm,out,events
tune_therm_overheatflow_out,therm,out,events
tune_pwr_isores_out,pwr,out,metrics
tune_pwr_ivtcurrent_out,pwr,out,metrics
tune_pwr_maxvoltage_out,pwr,out,metrics
tune_pwr_minvoltage_out,pwr,out,metrics
tune_pwr_maxtemp_out,pwr,out,metrics
tune_pwr_mintemp_out,pwr,out,metrics
tune_pwr_totalvoltage_out,pwr,out,metrics
tune_pwr_packcurrent_out,pwr,out,metrics
tune_pwr_dclinkvoltage_out,pwr,out,metrics
tune_pwr_state_out,pwr,out,events
tune_pwr_hvalstatus_out,pwr,out,events
tune_pwr_imdwarnings_out,pwr,out,events
tune_pwr_errorstatus_out,pwr,out,events
tune_pwr_failreason_out,pwr,out,events
